<?xml version="1.0"?>
<!DOCTYPE hibernate-mapping PUBLIC "-//Hibernate/Hibernate Mapping DTD 3.0//EN"
"http://www.hibernate.org/dtd/hibernate-mapping-3.0.dtd">
<!-- Generated 2015-05-31 16:38:00 by Hibernate Tools 4.3.1 -->
<hibernate-mapping>
    <class name="Przedmiot" table="PRZEDMIOT" optimistic-lock="version">
        <id name="id" type="java.lang.Long">
            <column name="ID" />
            <generator class="assigned" />
        </id>
        <property name="nazwa" type="java.lang.String">
            <column name="NAZWA" />
        </property>
    </class>
</hibernate-mapping>
