<?xml version="1.0"?>
<!DOCTYPE hibernate-mapping PUBLIC "-//Hibernate/Hibernate Mapping DTD 3.0//EN" "http://hibernate.sourceforge.net/hibernate-mapping-3.0.dtd">
<hibernate-mapping>
    
    
    
    
	<class name="Student" table="STUDENTS">
        <id name="id" column="STUDENT_ID">
            <generator class="native"/>
        </id>
        <property name="dataUrodzenia" type="timestamp" column="DATA_UR"/>
        <property name="imieNazwisko"/>
	
    	<set name="przedmioty" table="STUDENT_PRZEDMIOT">
	        <key column="STUDENT_ID"/>
        	<many-to-many column="PRZEDMIOT_ID" class="Przedmioty"/>
    	</set>

    </class>
    	
</hibernate-mapping>